<DOCUMENTO>
	<LIBRO ID="0001">
 		<TITULO>El Hobbit</TITULO>
 		<AUTOR>J.R.R. Tolkien</AUTOR>
 		<EDITORIAL>Anaya</EDITORIAL>
		<WEB URL="http://www.elhobbit.com">elhobbit.com</WEB>
	</LIBRO>

	<LIBRO ID="0002">
 		<TITULO>La Fundacion</TITULO>
 		<AUTOR>Isaac Asimov</AUTOR>
 		<EDITORIAL>RBA</EDITORIAL>
		<WEB URL="http://www.thefoundation.com">thefoundation.com</WEB>
	</LIBRO>

	<LIBRO ID="0003">
 		<TITULO>El Caballo de Troya</TITULO>
 		<AUTOR>J.J. Benitez</AUTOR>
 		<EDITORIAL>CIFI</EDITORIAL>
		<WEB URL="http://www.elcaballodetroya.com">elcaballodetroya.com</WEB>
	</LIBRO>

	<LIBRO ID="0004">
 		<TITULO>1984</TITULO>
 		<AUTOR>George Orwell</AUTOR>
 		<EDITORIAL>Raven</EDITORIAL>
		<WEB URL="http://www.georgeorwell.com">georgeorwell.com</WEB>
	</LIBRO>
</DOCUMENTO>