<hiermenu method="1">
	<dp>
		<item name="Parent" sub="1" />
	</dp>
	
	
	<dp_0 per="5">
		<item name="item 01" />
		<item name="item 02" />
		<item name="item 03" />
		<item name="item 04" />
		<item name="item 05" />
		<item name="item 06" />
		<item name="item 07" />
		<item name="item 08" />
		<item name="item 09" />
		<item name="item 10" />
		<item name="item 11" />
		<item name="item 12" />
		<item name="item 13" />
		<item name="item 14" />
		<item name="item 15" />
	</dp_0>

</hiermenu>