<hiermenu method="1">
	<dp>
		<item name="Actions" sub="1" />
		<item name="Help" sub="1" />
	</dp>
	
	<dp_0>
		<item name="'my_first_mc' movie clip" sub="1" />
		<item name="'my_second_mc' movie clip" sub="1" />
		<sep />
		<item name="Other" />
	</dp_0>
	
	<dp_0_0>
		<item name="Frame 1" action="gotoAndStop" mc="my_first_mc" frame="1" />
		<item name="Frame 2" action="gotoAndStop" mc="my_first_mc" frame="2" />
		<item name="Frame 3" action="gotoAndStop" mc="my_first_mc" frame="3" />
		<item name="Frame 4" action="gotoAndStop" mc="my_first_mc" frame="4" />
	</dp_0_0>
	
	<dp_0_1>
		<item name="Frame 1" action="gotoAndStop" mc="my_second_mc" frame="1" />
		<item name="Frame 2" action="gotoAndStop" mc="my_second_mc" frame="2" />
		<item name="Frame 3" action="gotoAndStop" mc="my_second_mc" frame="3" />
	</dp_0_1>
	
	<dp_1>
		<item name="Contact" />
		<sep />
		<item name="About..." />
	</dp_1>
</hiermenu>