<?xml version="1.0" encoding="iso-8859-1"?>
<node label = "Personal Folders">
	<node label = "Inbox">
		<node label = "First message" />
		<node label = "Second message" />
		<node label = "Third message" />
	</node>
	<node label = "Drafts">
		<node label = "First message" />
	</node>
	<node label = "Outbox" isBranch="true">
		<node label = "No messages." />
	</node>
	<node label = "Sent Items">
		<node label = "First message" />
		<node label = "Second message" />
	</node>
</node>

